Name,Filter,Result 1,Result 2,Result 3
Ahmad,People,Ahmad ALJURDI,Faraz Ahmad,Marybeth Ahmad
asal,Companies,Alaa Asal,Alice Asal,Amar Asal
moh,Companies,Dennis Mohn,Ellswerth Mohan,Evie Mohammad
maha,People,Bradley Mahan,Kennan Maha,Mahala Soigne
ward,People,Albert Ward,Alvin Ward,Antonio Ward
